id_sample;DNMT3B;EXO1;MCM10
TCGA-3C-AAAU-01A;2.293107;1.8514110000000001;1.472214
TCGA-3C-AALI-01A;2.213523;2.8931400000000003;2.099413
TCGA-3C-AALJ-01A;3.160032;1.735396;1.6557119999999999
TCGA-3C-AALK-01A;1.313785;1.311587;0.928623
TCGA-4H-AAAK-01A;1.1109440000000002;1.1199370000000002;1.299784
TCGA-5L-AAT0-01A;0.951427;0.877216;0.568493
TCGA-5T-A9QA-01A;1.466265;2.5988919999999998;1.7087759999999999
TCGA-A1-A0SB-01A;1.052933;1.1260219999999999;1.1538549999999999
TCGA-A1-A0SD-01A;1.508876;0.9937530000000001;0.968008
TCGA-A1-A0SE-01A;1.4652;2.234661;2.0067779999999997
TCGA-A1-A0SF-01A;1.7815900000000002;1.4637930000000001;1.05824
TCGA-A1-A0SG-01A;0.9578469999999999;1.072824;0.727449
TCGA-A1-A0SH-01A;0.80397;0.9225540000000001;0.53576
TCGA-A1-A0SI-01A;1.879155;2.902699;1.7459529999999999
TCGA-A1-A0SJ-01A;0.806192;1.78004;1.534669
TCGA-A1-A0SK-01A;1.960878;2.380792;2.9768470000000002
TCGA-A1-A0SM-01A;0.782421;2.0076490000000002;1.456413
TCGA-A1-A0SN-01A;1.307475;2.856059;1.449729
TCGA-A1-A0SO-01A;4.259979;4.252574;4.543829
TCGA-A1-A0SP-01A;1.6252010000000001;2.923606;1.823115
TCGA-A1-A0SQ-01A;0.572756;1.569598;1.433437
TCGA-A2-A04N-01A;1.051667;0.8594780000000001;0.841933
TCGA-A2-A04P-01A;1.385709;2.1455990000000003;1.551858
TCGA-A2-A04Q-01A;2.73888;2.486472;2.411712
TCGA-A2-A04R-01A;1.4401709999999999;2.159581;2.002406
TCGA-A2-A04T-01A;2.545512;4.090644999999999;2.710207
TCGA-A2-A04U-01A;2.373614;3.057077;3.13708
TCGA-A2-A04V-01A;1.275973;1.218813;1.192374
TCGA-A2-A04W-01A;1.07681;1.351704;1.1231280000000001
TCGA-A2-A04X-01A;1.549024;1.9210919999999998;1.8419
TCGA-A2-A04Y-01A;1.737243;0.8868;1.200459
TCGA-A2-A0CK-01A;0.9822489999999999;1.316749;0.9000360000000001
TCGA-A2-A0CL-01A;4.057101;1.9603080000000002;2.468243
TCGA-A2-A0CM-01A;2.389189;2.9384189999999997;3.5484430000000002
TCGA-A2-A0CO-01A;0.9351229999999999;0.30079;0.438778
TCGA-A2-A0CP-01A;0.814972;0.293429;0.364043
TCGA-A2-A0CQ-01A;0.937051;1.324605;0.5964520000000001
TCGA-A2-A0CR-01A;0.5363020000000001;0.6227729999999999;0.519922
TCGA-A2-A0CS-01A;1.0220879999999999;0.994654;0.6096159999999999
TCGA-A2-A0CT-01A;1.1416600000000001;1.855314;1.641659
TCGA-A2-A0CU-01A;1.2492940000000001;1.280425;0.863642
TCGA-A2-A0CV-01A;0.708761;0.147175;0.11635799999999999
TCGA-A2-A0CW-01A;3.208933;2.70575;2.0964110000000002
TCGA-A2-A0CX-01A;3.1583189999999997;3.251316;1.955165
TCGA-A2-A0CY-01A;1.751305;1.966596;1.266399
TCGA-A2-A0CZ-01A;0.75937;0.327928;0.328827
TCGA-A2-A0D0-01A;3.160571;3.8511230000000003;2.984883
TCGA-A2-A0D1-01A;3.8724260000000004;2.1998759999999997;2.04219
TCGA-A2-A0D2-01A;2.620767;4.12095;3.6390480000000003
TCGA-A2-A0D3-01A;0.7536229999999999;0.6226970000000001;0.222571
TCGA-A2-A0D4-01A;1.140144;2.4956169999999998;1.8977830000000002
TCGA-A2-A0EM-01A;0.649195;1.627061;1.1141020000000001
TCGA-A2-A0EN-01A;0.8369690000000001;0.8997350000000001;0.5336489999999999
TCGA-A2-A0EO-01A;0.800513;0.9683129999999999;0.648246
TCGA-A2-A0EP-01A;1.040535;1.003315;0.890785
TCGA-A2-A0EQ-01A;2.7960700000000003;2.715084;2.447901
TCGA-A2-A0ER-01A;0.8670549999999999;1.762675;1.553868
TCGA-A2-A0ES-01A;0.763038;0.7158899999999999;0.6617430000000001
TCGA-A2-A0ET-01A;0.666663;1.54108;0.9700780000000001
TCGA-A2-A0EU-01A;1.2963200000000001;1.7032880000000001;1.556967
TCGA-A2-A0EV-01A;0.874426;2.05593;1.6729509999999999
TCGA-A2-A0EW-01A;0.8789459999999999;0.7492479999999999;0.69677
TCGA-A2-A0EX-01A;0.708847;0.5209630000000001;0.43400900000000003
TCGA-A2-A0EY-01A;2.400432;1.7797630000000002;1.5767930000000001
TCGA-A2-A0ST-01A;1.097954;2.54719;2.335089
TCGA-A2-A0SU-01A;0.792813;1.546417;1.127897
TCGA-A2-A0SV-01A;1.297936;3.0506759999999997;2.141228
TCGA-A2-A0SW-01A;2.034392;2.558078;2.321926
TCGA-A2-A0SX-01A;1.234639;2.898475;1.7276349999999998
TCGA-A2-A0SY-01A;0.778187;1.388301;0.8419030000000001
TCGA-A2-A0T0-01A;2.550351;3.6792629999999997;3.599335
TCGA-A2-A0T1-01A;2.092532;1.835323;1.693868
TCGA-A2-A0T2-01A;1.600949;0.931293;1.601785
TCGA-A2-A0T3-01A;1.601173;2.944745;2.789284
TCGA-A2-A0T4-01A;1.115725;2.633233;1.608017
TCGA-A2-A0T5-01A;0.917737;2.3544169999999998;1.4091049999999998
TCGA-A2-A0T6-01A;0.885231;0.537474;0.34775300000000003
TCGA-A2-A0T7-01A;1.591821;1.7150590000000001;1.326217
TCGA-A2-A0YC-01A;0.7091149999999999;1.62273;0.9064530000000001
TCGA-A2-A0YD-01A;1.159748;1.207265;0.756161
TCGA-A2-A0YE-01A;2.171934;2.8163709999999997;2.56523
TCGA-A2-A0YF-01A;0.74824;1.062643;1.407567
TCGA-A2-A0YG-01A;2.713078;2.500616;3.087501
TCGA-A2-A0YH-01A;1.6644619999999999;2.354478;2.050159
TCGA-A2-A0YI-01A;0.6340600000000001;0.587432;0.441957
TCGA-A2-A0YJ-01A;1.978379;2.578757;2.745388
TCGA-A2-A0YK-01A;1.204175;1.257234;0.8457469999999999
TCGA-A2-A0YL-01A;1.1724700000000001;1.9568169999999998;1.188146
TCGA-A2-A0YM-01A;2.067854;3.1412560000000003;3.017605
TCGA-A2-A1FV-01A;0.947458;0.919474;0.885717
TCGA-A2-A1FW-01A;2.075382;1.9092689999999999;1.79752
TCGA-A2-A1FX-01A;1.692074;2.0520490000000002;2.1602930000000002
TCGA-A2-A1FZ-01A;1.172002;1.515474;0.8942049999999999
TCGA-A2-A1G0-01A;0.893164;0.504139;0.46395600000000004
TCGA-A2-A1G1-01A;1.7316;3.019431;2.764887
TCGA-A2-A1G4-01A;0.811361;2.048262;2.132428
TCGA-A2-A1G6-01A;0.748061;0.26093;0.154279
TCGA-A2-A259-01A;0.71845;0.8281459999999999;0.73041
TCGA-A2-A25A-01A;1.180402;1.2943129999999998;0.9758319999999999
TCGA-A2-A25B-01A;1.6192959999999998;3.497553;2.713702
TCGA-A2-A25C-01A;1.637721;2.74326;2.2037869999999997
TCGA-A2-A25D-01A;1.1644700000000001;2.015803;1.323292
TCGA-A2-A25E-01A;1.291274;2.3786560000000003;2.083967
TCGA-A2-A25F-01A;1.849721;2.593829;2.204414
TCGA-A2-A3KC-01A;2.335128;1.782044;1.257673
TCGA-A2-A3KD-01A;0.9495239999999999;1.7446380000000001;1.009085
TCGA-A2-A3XS-01A;3.083557;1.9130880000000001;2.373621
TCGA-A2-A3XT-01A;1.899989;3.7465410000000006;2.889526
TCGA-A2-A3XU-01A;0.8360549999999999;2.6922610000000002;1.738025
TCGA-A2-A3XV-01A;0.938376;1.5233139999999998;0.861977
TCGA-A2-A3XW-01A;1.264829;0.737039;0.528922
TCGA-A2-A3XX-01A;3.713395;3.363311;2.469503
TCGA-A2-A3XY-01A;2.338246;2.145702;2.5106490000000004
TCGA-A2-A3XZ-01A;1.055957;2.17325;1.854755
TCGA-A2-A3Y0-01A;2.974006;2.452762;2.8928380000000002
TCGA-A2-A4RW-01A;3.125055;1.441532;1.237466
TCGA-A2-A4RX-01A;1.4022299999999999;1.765455;1.182656
TCGA-A2-A4RY-01A;1.237411;0.719322;0.562461
TCGA-A2-A4S0-01A;0.7987270000000001;0.322662;0.262751
TCGA-A2-A4S1-01A;0.34331;0.8580709999999999;0.44661999999999996
TCGA-A2-A4S2-01A;1.012207;1.079227;0.714176
TCGA-A2-A4S3-01A;2.692796;2.911553;2.360373
TCGA-A7-A0CE-01A;0.7870739999999999;3.5400080000000003;2.6362080000000003
TCGA-A7-A0CE-11A;0.921035;0.544701;0.431036
TCGA-A7-A0CG-01A;0.961708;2.283568;1.046935
TCGA-A7-A0CH-01A;0.8007920000000001;1.6503720000000002;0.8370989999999999
TCGA-A7-A0CH-11A;0.61758;0.46087;0.259827
TCGA-A7-A0CJ-01A;1.688493;2.429008;1.715816
TCGA-A7-A0D9-01A;1.851031;0.8190029999999999;0.585025
TCGA-A7-A0D9-11A;0.5434479999999999;0.100039;0.192917
TCGA-A7-A0DA-01A;1.9365259999999997;2.050965;1.809655
TCGA-A7-A0DB-01A;1.11484;1.600423;0.710884
TCGA-A7-A0DB-11A;0.54972;0.658596;0.58106
TCGA-A7-A13D-01A;2.853498;3.738056;3.7584
TCGA-A7-A13E-01A;2.760214;3.039876;3.7722589999999996
TCGA-A7-A13E-11A;0.662058;0.161451;0.382231
TCGA-A7-A13F-01A;1.116685;3.328587;2.346156
TCGA-A7-A13F-11A;0.796567;0.221302;0.225262
TCGA-A7-A13G-11A;0.436775;0.033734;0.17739100000000002
TCGA-A7-A13H-01A;1.2166489999999999;0.918417;0.572671
TCGA-A7-A26E-01A;0.8543139999999999;1.9620119999999999;1.115892
TCGA-A7-A26G-01A;1.90672;2.470886;1.889517
TCGA-A7-A26H-01A;0.751905;2.276216;1.33065
TCGA-A7-A26J-01A;1.423541;2.468332;1.6833810000000002
TCGA-A7-A2KD-01A;1.3437540000000001;2.209582;4.176408
TCGA-A7-A3IY-01A;0.616003;1.055635;0.938494
TCGA-A7-A3IZ-01A;1.428417;2.0605740000000003;1.7453580000000002
TCGA-A7-A3J0-01A;0.746271;1.2507540000000001;1.6839790000000001
TCGA-A7-A3J1-01A;1.2441719999999998;0.953118;0.613941
TCGA-A7-A3RF-01A;0.9449209999999999;0.5218510000000001;0.524446
TCGA-A7-A425-01A;1.080639;1.855591;0.93147
TCGA-A7-A426-01A;1.105915;0.98618;0.593004
TCGA-A7-A4SA-01A;2.4444220000000003;1.5560610000000001;1.314681
TCGA-A7-A4SB-01A;1.390205;1.901372;0.870027
TCGA-A7-A4SC-01A;1.5130059999999999;1.230881;0.692908
TCGA-A7-A4SD-01A;2.525966;2.686868;2.43001
TCGA-A7-A4SE-01A;1.856396;3.010631;2.057982
TCGA-A7-A4SF-01A;2.433014;2.294675;2.216098
TCGA-A7-A56D-01A;0.433022;1.440555;0.933212
TCGA-A7-A5ZV-01A;1.5865360000000002;2.365702;1.9140139999999999
TCGA-A7-A5ZW-01A;0.876885;0.68121;0.566567
TCGA-A7-A5ZX-01A;0.8358620000000001;0.480786;0.22002399999999997
TCGA-A7-A6VV-01A;1.6511799999999999;2.263561;2.412128
TCGA-A7-A6VW-01A;2.9899560000000003;3.064206;2.68961
TCGA-A7-A6VX-01A;1.5435649999999999;2.5416529999999997;1.304875
TCGA-A7-A6VY-01A;1.590142;3.2919379999999996;2.690598
TCGA-A8-A06N-01A;1.296824;1.346056;1.0830440000000001
TCGA-A8-A06O-01A;1.827019;3.154025;2.5807130000000003
TCGA-A8-A06P-01A;0.528385;0.8492569999999999;0.6356510000000001
TCGA-A8-A06Q-01A;2.000743;2.776982;2.060237
TCGA-A8-A06R-01A;2.285848;1.6975049999999998;1.3578729999999999
TCGA-A8-A06X-01A;2.518971;2.021561;2.508637
TCGA-A8-A06Y-01A;1.127334;1.595975;0.784439
TCGA-A8-A06Z-01A;0.764227;1.860652;1.308226
TCGA-A8-A075-01A;1.8054700000000001;2.705534;2.121254
TCGA-A8-A076-01A;2.4784330000000003;2.438915;1.523277
TCGA-A8-A079-01A;1.552281;2.930819;2.447307
TCGA-A8-A07B-01A;1.248567;1.906624;2.835137
TCGA-A8-A07C-01A;2.4300740000000003;4.319044;3.5170760000000003
TCGA-A8-A07F-01A;1.907043;2.519288;1.717075
TCGA-A8-A07G-01A;0.6035699999999999;1.4172040000000001;0.7176680000000001
TCGA-A8-A07I-01A;2.486765;2.7932330000000003;1.546211
TCGA-A8-A07J-01A;0.583849;0.562317;0.346366
TCGA-A8-A07L-01A;2.279301;2.045261;2.394546
TCGA-A8-A07O-01A;1.962107;4.135112;2.880388
TCGA-A8-A07P-01A;0.7950689999999999;1.342254;0.8891379999999999
TCGA-A8-A07R-01A;2.156085;3.6289339999999997;4.1631800000000005
TCGA-A8-A07S-01A;0.912367;2.234328;1.276692
TCGA-A8-A07U-01A;2.2411779999999997;2.281314;3.4924910000000002
TCGA-A8-A07W-01A;2.014569;2.4747310000000002;2.3136919999999996
TCGA-A8-A07Z-01A;1.0449680000000001;1.928705;1.3744530000000001
TCGA-A8-A081-01A;2.187872;3.104873;2.418891
TCGA-A8-A083-01A;0.619005;0.47211899999999996;0.416579
TCGA-A8-A085-01A;0.8804649999999999;2.322363;2.187867
TCGA-A8-A086-01A;1.2194770000000001;1.859009;1.778892
TCGA-A8-A08A-01A;0.90602;1.4857989999999999;0.49285200000000007
TCGA-A8-A08B-01A;1.5788010000000001;3.4416949999999997;2.772116
TCGA-A8-A08C-01A;0.697278;1.4746629999999998;0.6366229999999999
TCGA-A8-A08G-01A;1.038082;2.390678;1.8913419999999999
TCGA-A8-A08H-01A;1.138365;1.7034919999999998;1.641703
TCGA-A8-A08I-01A;1.221969;2.151873;1.172562
TCGA-A8-A08J-01A;2.644367;2.2144150000000002;1.72932
TCGA-A8-A08L-01A;2.423437;3.4200809999999997;2.741677
TCGA-A8-A08O-01A;1.022035;1.49662;1.5699100000000001
TCGA-A8-A08P-01A;2.053833;3.082;2.369769
TCGA-A8-A08R-01A;2.384262;3.891581;3.6864160000000004
TCGA-A8-A08T-01A;1.0463149999999999;1.42929;0.854676
TCGA-A8-A08X-01A;3.114982;2.990037;2.957291
TCGA-A8-A08Z-01A;0.71426;1.586415;1.397518
TCGA-A8-A090-01A;1.160458;2.213478;1.51052
TCGA-A8-A092-01A;2.876134;3.5003589999999996;2.765736
TCGA-A8-A094-01A;1.581405;2.1912380000000002;2.680259
TCGA-A8-A095-01A;1.905693;3.178625;1.976675
TCGA-A8-A096-01A;0.707734;1.728737;1.2885030000000002
TCGA-A8-A097-01A;1.698751;2.495317;2.268448
TCGA-A8-A099-01A;0.832153;1.819864;0.988671
TCGA-A8-A09A-01A;2.028923;1.335459;1.3313979999999999
TCGA-A8-A09B-01A;1.209424;1.9300419999999998;1.1683270000000001
TCGA-A8-A09D-01A;1.6456490000000001;1.344143;3.229717
TCGA-A8-A09G-01A;2.084047;2.726713;1.86375
TCGA-A8-A09M-01A;1.584339;2.121291;1.749161
TCGA-A8-A09N-01A;1.3595540000000002;2.0630490000000004;2.4574290000000003
TCGA-A8-A09Q-01A;1.710011;1.804627;1.777811
TCGA-A8-A09R-01A;1.926031;2.024696;1.084015
TCGA-A8-A09T-01A;1.0068;1.682396;1.6434119999999999
TCGA-A8-A09V-01A;0.9752780000000001;1.3417350000000001;0.850266
TCGA-A8-A09W-01A;1.724595;2.641514;1.8895099999999998
TCGA-A8-A09X-01A;2.200583;2.675365;1.8757560000000002
TCGA-A8-A09Z-01A;0.505534;1.6454229999999999;0.870361
TCGA-A8-A0A1-01A;0.8415879999999999;1.790123;1.142417
TCGA-A8-A0A2-01A;0.8959590000000001;1.337289;0.7955260000000001
TCGA-A8-A0A4-01A;1.137161;1.7959209999999999;1.354518
TCGA-A8-A0A6-01A;0.772386;1.22774;0.649838
TCGA-A8-A0A7-01A;1.516371;2.024223;1.059632
TCGA-A8-A0A9-01A;1.314101;2.019498;1.4744700000000002
TCGA-A8-A0AB-01A;1.7116790000000002;2.8980639999999998;1.7512990000000002
TCGA-A8-A0AD-01A;0.9718;1.820588;0.8669379999999999
TCGA-AC-A23C-01A;1.065076;2.202299;1.50945
TCGA-AC-A23E-01A;0.639977;1.270583;0.9356209999999999
TCGA-AC-A23G-01A;0.814746;1.335329;0.74251
TCGA-AC-A23H-01A;1.6490939999999998;2.925032;2.0557689999999997
TCGA-AC-A23H-11A;0.653408;0.385612;0.264085
TCGA-AC-A2B8-01A;1.024804;1.531896;0.9562879999999999
TCGA-AC-A2BK-01A;4.028914;3.5059989999999996;3.225537
TCGA-AC-A2BM-01A;1.693328;2.375438;1.81138
TCGA-AC-A2FB-01A;0.983334;1.316335;1.006404
TCGA-AC-A2FB-11A;0.674365;0.215333;0.251708
TCGA-AC-A2FE-01A;0.9948389999999999;1.342067;1.0029350000000001
TCGA-AC-A2FF-01A;1.4114790000000002;1.1186639999999999;1.081049
TCGA-AC-A2FF-11A;1.161706;1.138059;0.9739190000000001
TCGA-AC-A2FG-01A;0.950966;1.1462860000000001;0.540706
TCGA-AC-A2FK-01A;1.209674;0.229498;0.15707000000000002
TCGA-AC-A2FM-01A;1.344741;1.395289;1.356922
TCGA-AC-A2FO-01A;1.0907850000000001;0.765532;0.640578
TCGA-AC-A2QI-01A;0.989859;0.810517;0.45878
TCGA-AC-A2QJ-01A;0.6240979999999999;1.177917;0.615112
TCGA-AC-A3BB-01A;1.28652;0.747311;0.66952
TCGA-AC-A3EH-01A;1.19087;1.3090979999999999;1.062868
TCGA-AC-A3HN-01A;0.9154180000000001;1.336468;0.910409
TCGA-AC-A3QP-01A;0.753976;0.517588;0.22273400000000002
TCGA-AC-A3TM-01A;0.820672;2.10925;1.138067
TCGA-AC-A3TN-01A;0.487679;0.887214;0.440666
TCGA-AC-A3W5-01A;2.172895;1.841309;1.3291
TCGA-AC-A3W6-01A;1.401016;1.458567;0.975822
TCGA-AC-A3W7-01A;1.292225;1.01581;0.666454
TCGA-AC-A3YI-01A;1.252259;0.830443;0.45923500000000006
TCGA-AC-A3YJ-01A;0.6537729999999999;0.714689;0.299534
TCGA-AC-A4ZE-01A;1.8570659999999999;1.871723;1.0468819999999999
TCGA-AC-A5EH-01A;2.313686;1.7027299999999999;1.123997
TCGA-AC-A5XS-01A;1.456859;1.7585259999999998;1.236925
TCGA-AC-A5XU-01A;1.532514;1.939232;1.0314940000000001
TCGA-AC-A62V-01A;0.372736;2.382873;2.108866
TCGA-AC-A62X-01A;3.314582;2.744504;2.188695
TCGA-AC-A62Y-01A;0.749729;1.505623;0.655303
TCGA-AC-A6IV-01A;1.3946399999999999;1.310441;1.173031
TCGA-AC-A6IW-01A;1.926922;2.804558;2.312568
TCGA-AC-A6IX-01A;1.54782;1.433023;0.7414609999999999
TCGA-AC-A6IX-06A;1.241681;1.521451;1.072883
TCGA-AC-A6NO-01A;1.6716;2.3279099999999997;1.5046979999999999
TCGA-AC-A7VB-01A;1.88845;2.7450669999999997;2.261285
TCGA-AC-A7VC-01A;1.629332;2.284409;1.488675
TCGA-AC-A8OP-01A;1.461925;1.361744;0.8869950000000001
TCGA-AC-A8OQ-01A;2.6505099999999997;3.6036940000000004;2.984326
TCGA-AC-A8OR-01A;0.939484;0.770033;0.649702
TCGA-AC-A8OS-01A;1.111834;0.617989;0.476545
TCGA-AN-A03X-01A;0.893033;1.5759729999999998;1.166844
TCGA-AN-A03Y-01A;1.283258;3.004675;1.7006580000000002
TCGA-AN-A041-01A;1.566273;1.5205799999999998;1.503036
TCGA-AN-A046-01A;0.901725;1.540724;0.787493
TCGA-AN-A049-01A;0.780643;2.2541700000000002;1.114005
TCGA-AN-A04A-01A;0.703229;1.929777;1.502758
TCGA-AN-A04C-01A;3.7671949999999996;2.644238;2.431857
TCGA-AN-A04D-01A;3.45371;3.928268;3.026087
TCGA-AN-A0AJ-01A;3.538375;3.8536870000000003;5.285302
TCGA-AN-A0AK-01A;2.088501;3.1808110000000003;2.472391
TCGA-AN-A0AL-01A;1.207934;3.095925;2.1581200000000003
TCGA-AN-A0AM-01A;0.9277860000000001;2.688247;2.213085
TCGA-AN-A0AR-01A;3.782369;1.821748;3.8357379999999996
TCGA-AN-A0AS-01A;0.826407;0.804934;1.213968
TCGA-AN-A0AT-01A;2.299782;3.966505;4.327659
TCGA-AN-A0FD-01A;0.82911;1.22256;0.8932829999999999
TCGA-AN-A0FF-01A;0.914709;2.078926;1.41698
TCGA-AN-A0FJ-01A;2.974398;2.540134;2.677167
TCGA-AN-A0FK-01A;1.0464209999999998;2.256775;1.137307
TCGA-AN-A0FL-01A;0.924516;1.9747;2.4496450000000003
TCGA-AN-A0FN-01A;0.7644529999999999;1.024276;0.718057
TCGA-AN-A0FS-01A;1.0824280000000002;1.6915580000000001;0.936235
TCGA-AN-A0FT-01A;1.13273;1.569392;0.905958
TCGA-AN-A0FV-01A;2.227449;1.744052;1.3789420000000001
TCGA-AN-A0FW-01A;1.3620709999999998;2.117742;0.402248
TCGA-AN-A0FX-01A;1.4450100000000001;2.596227;2.19696
TCGA-AN-A0FY-01A;1.7903810000000002;2.343191;2.1579610000000002
TCGA-AN-A0FZ-01A;2.726586;1.098977;1.722086
TCGA-AN-A0G0-01A;2.093672;4.032118;3.130077
TCGA-AN-A0XL-01A;1.240272;1.426626;0.84411
TCGA-AN-A0XN-01A;0.841533;1.941543;1.090392
TCGA-AN-A0XO-01A;1.028742;2.053787;1.128863
TCGA-AN-A0XP-01A;1.030778;1.379683;0.592352
TCGA-AN-A0XR-01A;1.204982;2.181837;1.681904
TCGA-AN-A0XS-01A;1.32465;0.7219140000000001;0.598327
TCGA-AN-A0XT-01A;1.262722;0.852281;0.646334
TCGA-AN-A0XU-01A;1.851432;3.859429;3.493727
TCGA-AN-A0XV-01A;1.239041;1.392309;1.261075
TCGA-AN-A0XW-01A;1.095491;2.142182;1.776328
TCGA-AO-A03L-01A;1.513534;2.8326990000000003;2.188375
TCGA-AO-A03O-01A;1.883591;3.026559;2.6514860000000002
TCGA-AO-A03P-01A;1.104798;2.1404650000000003;1.821137
TCGA-AO-A03R-01A;1.40236;2.069474;1.534414
TCGA-AO-A03T-01A;1.150937;0.9752870000000001;1.061558
TCGA-AO-A03V-01A;1.126403;0.859656;1.2878690000000002
TCGA-AO-A0J2-01A;2.2166770000000002;3.262691;2.590173
TCGA-AO-A0J3-01A;1.6453970000000002;1.786991;1.390221
TCGA-AO-A0J4-01A;1.466409;3.233168;2.370501
TCGA-AO-A0J6-01A;1.194648;2.766972;3.1370150000000003
TCGA-AO-A0J7-01A;1.2681790000000002;2.61322;2.023156
TCGA-AO-A0J8-01A;0.8562219999999999;1.436134;0.686395
TCGA-AO-A0J9-01A;1.239937;1.555057;0.8863620000000001
TCGA-AO-A0JA-01A;1.272009;2.327705;1.651468
TCGA-AO-A0JB-01A;0.865142;0.975767;0.6893
TCGA-AO-A0JC-01A;0.5412319999999999;1.164282;0.918884
TCGA-AO-A0JD-01A;1.545828;3.5170019999999997;2.469067
TCGA-AO-A0JE-01A;1.561758;2.669778;2.007425
TCGA-AO-A0JF-01A;0.7812399999999999;1.1382700000000001;0.695886
TCGA-AO-A0JG-01A;1.338125;0.6830510000000001;0.526675
TCGA-AO-A0JJ-01A;0.5635060000000001;1.8118400000000001;1.318381
TCGA-AO-A0JL-01A;4.093262999999999;1.22364;1.8356990000000002
TCGA-AO-A0JM-01A;1.462964;2.748909;2.2427509999999997
TCGA-AO-A124-01A;2.101306;4.050142;3.058579
TCGA-AO-A125-01A;1.5039850000000001;1.359686;0.6244529999999999
TCGA-AO-A126-01A;1.8758110000000001;0.6522680000000001;0.41880100000000003
TCGA-AO-A128-01A;1.1156549999999998;3.042389;2.2997360000000002
TCGA-AO-A129-01A;2.499971;3.703992;3.566442
TCGA-AO-A12A-01A;1.0312219999999999;1.522748;1.159016
TCGA-AO-A12B-01A;0.655131;1.189524;0.655638
TCGA-AO-A12C-01A;0.766468;0.7707069999999999;0.726278
TCGA-AO-A12D-01A;2.555094;1.728548;1.3483040000000002
TCGA-AO-A12E-01A;0.875556;2.328545;1.554745
TCGA-AO-A12F-01A;3.8889089999999995;3.551282;2.93427
TCGA-AO-A12G-01A;0.937841;1.246039;0.846464
TCGA-AO-A12H-01A;0.663279;0.657345;0.6919420000000001
TCGA-AO-A1KO-01A;0.864609;0.493647;0.280711
TCGA-AO-A1KP-01A;1.777332;2.263893;1.760187
TCGA-AO-A1KQ-01A;1.635106;2.6354130000000002;2.210934
TCGA-AO-A1KR-01A;2.27294;3.20458;3.059041
TCGA-AO-A1KS-01A;1.8131700000000002;2.55183;2.183224
TCGA-AO-A1KT-01A;1.8600150000000002;2.46624;1.924007
TCGA-AQ-A04J-01A;2.322077;2.876754;2.3486130000000003
TCGA-AQ-A1H2-01A;0.777726;0.942536;0.6670550000000001
TCGA-AQ-A1H3-01A;0.721425;2.0752990000000002;1.388172
TCGA-AQ-A54N-01A;1.791508;2.2828619999999997;1.56487
TCGA-AQ-A54O-01A;1.453847;1.155038;0.781563
TCGA-AQ-A7U7-01A;1.2094790000000002;1.636144;1.191923
TCGA-AR-A0TP-01A;1.3934520000000001;3.127032;2.003857
TCGA-AR-A0TQ-01A;2.298824;1.945829;2.479542
TCGA-AR-A0TR-01A;0.42788699999999996;0.498989;0.362202
TCGA-AR-A0TS-01A;2.207806;3.065089;2.7622880000000003
TCGA-AR-A0TT-01A;2.379197;1.458364;1.767712
TCGA-AR-A0TU-01A;3.214179;4.166348;4.128299
TCGA-AR-A0TV-01A;0.986426;2.539443;2.401041
TCGA-AR-A0TW-01A;0.44168100000000005;1.273478;1.6748290000000001
TCGA-AR-A0TX-01A;1.633364;1.8466580000000001;1.511818
TCGA-AR-A0TY-01A;3.532443;2.538323;2.5666279999999997
TCGA-AR-A0TZ-01A;1.921687;2.797771;2.846838
TCGA-AR-A0U0-01A;2.221206;2.942193;2.656054
TCGA-AR-A0U2-01A;2.911187;3.3674470000000003;3.9001690000000004
TCGA-AR-A0U3-01A;1.44143;2.759218;2.257995
TCGA-AR-A0U4-01A;1.147394;3.690779;2.840263
TCGA-AR-A1AH-01A;2.16817;4.403401000000001;3.8589059999999997
TCGA-AR-A1AI-01A;2.4764150000000003;3.624579;3.7750160000000004
TCGA-AR-A1AJ-01A;2.0889450000000003;3.4582879999999996;3.143856
TCGA-AR-A1AK-01A;1.4004159999999999;2.2046580000000002;1.9681369999999998
TCGA-AR-A1AL-01A;1.228855;1.4362489999999999;1.022794
TCGA-AR-A1AM-01A;1.704418;0.619568;0.45183100000000004
TCGA-AR-A1AN-01A;0.723511;1.2341950000000002;0.809879
TCGA-AR-A1AO-01A;2.1532080000000002;2.080204;1.6476400000000002
TCGA-AR-A1AP-01A;1.1630129999999999;1.8153240000000002;1.401935
TCGA-AR-A1AQ-01A;1.854852;3.0383869999999997;4.079065
TCGA-AR-A1AR-01A;1.425215;2.083143;3.6117779999999997
TCGA-AR-A1AS-01A;1.3759059999999999;2.585674;1.6826889999999999
TCGA-AR-A1AT-01A;1.309288;2.296008;2.201749
TCGA-AR-A1AU-01A;1.067005;1.2965389999999999;1.244476
TCGA-AR-A1AV-01A;0.891858;2.025772;1.292791
TCGA-AR-A1AW-01A;1.5929309999999999;2.279102;1.925914
TCGA-AR-A1AX-01A;1.238777;1.962078;1.907399
TCGA-AR-A1AY-01A;2.3161509999999996;3.853583;4.452557
TCGA-AR-A24H-01A;2.0201599999999997;2.62094;2.939834
TCGA-AR-A24K-01A;1.01851;3.115307;2.208489
TCGA-AR-A24L-01A;1.1359920000000001;2.083862;1.708908
TCGA-AR-A24M-01A;0.608152;1.849005;0.8482280000000001
TCGA-AR-A24N-01A;0.879922;3.120463;1.9653720000000001
TCGA-AR-A24O-01A;0.8872549999999999;1.462576;1.303658
TCGA-AR-A24P-01A;0.9630040000000001;2.386103;1.6784830000000002
TCGA-AR-A24Q-01A;1.599125;3.792534;2.072708
TCGA-AR-A24R-01A;1.351479;2.266819;1.701716
TCGA-AR-A24S-01A;2.373487;2.13591;2.097699
TCGA-AR-A24T-01A;0.979023;1.2684090000000001;0.8674299999999999
TCGA-AR-A24U-01A;1.613212;2.317237;2.299696
TCGA-AR-A24V-01A;0.902315;1.616614;1.343011
TCGA-AR-A24W-01A;0.9190209999999999;0.79127;0.412355
TCGA-AR-A24X-01A;0.918675;2.075144;1.4120110000000001
TCGA-AR-A24Z-01A;1.355102;2.234695;2.162862
TCGA-AR-A250-01A;2.381682;2.212904;1.6976939999999998
TCGA-AR-A251-01A;3.170764;3.722165;4.056601000000001
TCGA-AR-A252-01A;0.602278;1.968759;1.625111
TCGA-AR-A254-01A;1.2185110000000001;2.760071;4.594188
TCGA-AR-A255-01A;1.675532;2.917224;2.033093
TCGA-AR-A256-01A;2.195481;3.631304;3.097442
TCGA-AR-A2LE-01A;0.697245;0.87045;0.69408
TCGA-AR-A2LH-01A;1.5732620000000002;1.318566;1.5256239999999999
TCGA-AR-A2LJ-01A;0.521061;1.1138780000000001;0.771474
TCGA-AR-A2LK-01A;1.9383139999999999;2.975088;2.1264689999999997
TCGA-AR-A2LM-01A;0.8327450000000001;0.91622;0.643442
TCGA-AR-A2LN-01A;0.840994;0.412571;0.289599
TCGA-AR-A2LO-01A;1.552573;2.634497;1.946908
TCGA-AR-A2LQ-01A;1.064769;1.220804;0.704861
TCGA-AR-A5QM-01A;0.9473520000000001;1.229265;0.763367
TCGA-AR-A5QN-01A;1.550344;2.0343970000000002;1.34255
TCGA-AR-A5QP-01A;1.1000590000000001;1.69357;1.101435
TCGA-AR-A5QQ-01A;1.559058;2.857974;2.0340599999999998
TCGA-B6-A0I1-01A;2.588582;2.894523;1.9564279999999998
TCGA-B6-A0I2-01A;1.344892;2.821059;1.4630809999999999
TCGA-B6-A0I5-01A;0.8940100000000001;1.225131;0.68572
TCGA-B6-A0I6-01A;2.932121;2.88417;3.181491
TCGA-B6-A0I8-01A;1.348444;1.190995;0.66681
TCGA-B6-A0I9-01A;1.8131099999999998;3.38741;2.2228369999999997
TCGA-B6-A0IA-01A;0.411166;2.007334;1.422037
TCGA-B6-A0IB-01A;1.648365;2.41622;1.7890110000000001
TCGA-B6-A0IC-01A;0.850355;1.2202549999999999;1.1285399999999999
TCGA-B6-A0IE-01A;1.933243;1.996264;1.629656
TCGA-B6-A0IG-01A;1.8845900000000002;2.47326;2.277589
TCGA-B6-A0IH-01A;1.4441549999999999;0.309289;0.19559200000000002
TCGA-B6-A0IJ-01A;2.5468740000000003;3.550393;3.2961080000000003
TCGA-B6-A0IK-01A;0.963498;2.394103;1.413103
TCGA-B6-A0IM-01A;1.026027;1.667313;1.7148439999999998
TCGA-B6-A0IN-01A;0.6159819999999999;0.9090299999999999;0.779782
TCGA-B6-A0IO-01A;1.484025;1.509843;1.090573
TCGA-B6-A0IP-01A;1.548168;2.143159;1.212222
TCGA-B6-A0IQ-01A;3.903793;4.28554;3.369636
TCGA-B6-A0RE-01A;2.101932;2.956499;3.722468
TCGA-B6-A0RG-01A;1.8333169999999999;1.652889;1.5039639999999999
TCGA-B6-A0RH-01A;1.126301;2.115195;1.189023
TCGA-B6-A0RI-01A;1.261614;2.228646;1.670593
TCGA-B6-A0RL-01A;2.181335;2.861212;2.313837
TCGA-B6-A0RM-01A;0.987334;1.119245;1.167656
TCGA-B6-A0RN-01A;0.826823;0.509314;0.277264
TCGA-B6-A0RO-01A;0.500362;0.848658;0.682772
TCGA-B6-A0RP-01A;0.674723;0.973244;0.525799
TCGA-B6-A0RQ-01A;1.0424879999999999;0.458873;0.274694
TCGA-B6-A0RS-01A;1.9611889999999998;2.5731029999999997;2.6144130000000003
TCGA-B6-A0RT-01A;1.5659530000000002;3.402346;2.618346
TCGA-B6-A0RU-01A;3.063991;3.4492160000000003;2.35677
TCGA-B6-A0RV-01A;0.9843370000000001;1.576438;1.395816
TCGA-B6-A0WS-01A;0.6424;1.522983;1.630026
TCGA-B6-A0WT-01A;1.709177;2.5598650000000003;1.9299529999999998
TCGA-B6-A0WV-01A;2.4873540000000003;2.4456919999999998;2.220581
TCGA-B6-A0WW-01A;1.4477870000000002;2.506428;1.7303520000000001
TCGA-B6-A0WX-01A;1.884104;3.508581;1.9053349999999998
TCGA-B6-A0WY-01A;1.204178;1.2772540000000001;1.1146719999999999
TCGA-B6-A0WZ-01A;1.220434;1.7807970000000002;1.199949
TCGA-B6-A0X0-01A;1.040667;1.972001;1.119524
TCGA-B6-A0X1-01A;1.593164;3.051396;3.122359
TCGA-B6-A0X4-01A;0.735522;0.47554799999999997;0.42085200000000006
TCGA-B6-A0X5-01A;1.578338;2.556402;2.542119
TCGA-B6-A0X7-01A;1.817032;0.8894200000000001;0.42018900000000003
TCGA-B6-A1KF-01A;3.2524319999999998;4.115783;3.121876
TCGA-B6-A1KI-01A;0.598575;0.920276;0.438747
TCGA-B6-A1KN-01A;2.353042;2.926946;2.390213
TCGA-B6-A2IU-01A;1.640493;1.8644560000000001;1.095006
TCGA-B6-A3ZX-01A;1.431066;1.971443;1.9928240000000002
TCGA-B6-A400-01A;2.165198;2.8418900000000002;2.111708
TCGA-B6-A401-01A;1.722418;1.511388;0.8218260000000001
TCGA-B6-A402-01A;1.955725;3.3226;2.894193
TCGA-B6-A408-01A;1.011473;0.9980180000000001;0.682549
TCGA-B6-A409-01A;1.96163;2.786237;2.0685540000000002
TCGA-B6-A40B-01A;1.1570479999999999;1.6258549999999998;0.94811
TCGA-B6-A40C-01A;1.7183130000000002;2.3858900000000003;1.64242
TCGA-BH-A0AU-01A;1.8134540000000001;1.8261020000000001;1.360665
TCGA-BH-A0AU-11A;1.156205;0.22570300000000001;0.165046
TCGA-BH-A0AV-01A;1.252956;2.435682;2.381491
TCGA-BH-A0AW-01A;2.331646;2.111473;1.70207
TCGA-BH-A0AY-01A;1.23001;2.114631;1.5070139999999999
TCGA-BH-A0AY-11A;0.9274129999999999;0.42516899999999996;0.387884
TCGA-BH-A0AZ-01A;0.914543;1.016627;0.58926
TCGA-BH-A0AZ-11A;1.024119;0.34371599999999997;0.19693
TCGA-BH-A0B0-01A;0.8556940000000001;0.863965;0.587378
TCGA-BH-A0B1-01A;0.921816;2.056826;1.650396
TCGA-BH-A0B3-01A;1.953972;3.519199;3.219243
TCGA-BH-A0B4-01A;1.351525;1.304257;1.624002
TCGA-BH-A0B5-01A;2.056196;2.634902;1.9947419999999998
TCGA-BH-A0B5-11A;0.362933;0.037514;0.18175999999999998
TCGA-BH-A0B7-01A;1.635371;2.252181;1.332371
TCGA-BH-A0B7-11A;1.107169;0.7337859999999999;0.48576199999999997
TCGA-BH-A0B8-01A;1.04701;1.708043;1.328365
TCGA-BH-A0B8-11A;0.428462;0.06004400000000001;0.247442
TCGA-BH-A0B9-01A;1.9515580000000001;3.123479;2.432227
TCGA-BH-A0BA-01A;2.110271;2.3174810000000003;0.982353
TCGA-BH-A0BA-11A;1.018375;0.918625;0.664119
TCGA-BH-A0BC-01A;0.931415;2.009471;1.528456
TCGA-BH-A0BC-11A;0.621822;0.640486;0.536087
TCGA-BH-A0BD-01A;1.330642;3.2086770000000002;1.957011
TCGA-BH-A0BF-01A;1.7696830000000001;1.923079;1.284238
TCGA-BH-A0BG-01A;1.517111;1.9747240000000001;2.219091
TCGA-BH-A0BJ-01A;0.8585659999999999;1.501651;0.669778
TCGA-BH-A0BJ-11A;1.1500489999999999;0.581762;0.40065500000000004
TCGA-BH-A0BL-01A;2.7774349999999997;2.5144919999999997;2.88218
TCGA-BH-A0BM-01A;0.768175;0.24303200000000003;0.219269
TCGA-BH-A0BM-11A;0.784522;0.56129;0.565768
TCGA-BH-A0BO-01A;0.5499390000000001;0.526043;0.43413599999999997
TCGA-BH-A0BP-01A;0.811159;1.268111;1.0369
TCGA-BH-A0BQ-01A;0.886583;1.154248;0.718379
TCGA-BH-A0BQ-11A;0.9999170000000001;0.659251;0.83806
TCGA-BH-A0BR-01A;1.0695219999999999;1.4697879999999999;1.4001299999999999
TCGA-BH-A0BS-11A;0.8521989999999999;0.48937600000000003;0.375564
TCGA-BH-A0BT-01A;1.9011169999999997;1.487249;0.767567
TCGA-BH-A0BT-11A;0.954016;0.282402;0.178893
TCGA-BH-A0BV-01A;0.6999380000000001;1.4537;0.917768
TCGA-BH-A0BV-11A;1.191359;0.517055;0.5187649999999999
TCGA-BH-A0BW-01A;1.251567;3.3039629999999995;2.4133709999999997
TCGA-BH-A0BW-11A;1.132052;1.625359;1.3071709999999999
TCGA-BH-A0BZ-01A;1.549819;2.3914150000000003;1.7137930000000001
TCGA-BH-A0BZ-11A;0.721137;0.14948699999999998;0.268099
TCGA-BH-A0C0-01A;2.11387;2.739841;2.029064
TCGA-BH-A0C0-11A;1.232574;0.19966099999999998;0.11794500000000001
TCGA-BH-A0C3-01A;1.0172649999999999;1.866122;1.631316
TCGA-BH-A0C3-11A;0.9071450000000001;0.508758;0.286627
TCGA-BH-A0DD-01A;2.167134;3.723632;3.075073
TCGA-BH-A0DD-11A;0.740785;0.208947;0.366832
TCGA-BH-A0DE-01A;0.779204;0.820116;0.673145
TCGA-BH-A0DG-01A;0.965569;1.8230369999999998;1.163082
TCGA-BH-A0DG-11A;1.033518;0.622506;0.4803
TCGA-BH-A0DH-01A;0.39442;1.492916;1.342309
TCGA-BH-A0DH-11A;0.71215;0.210121;0.06191
TCGA-BH-A0DI-01A;0.868311;1.377712;0.721497
TCGA-BH-A0DK-01A;0.785632;2.390703;1.363739
TCGA-BH-A0DK-11A;1.001836;0.743909;0.613275
TCGA-BH-A0DL-01A;2.071279;3.182086;2.071871
TCGA-BH-A0DL-11A;1.054092;0.557453;0.472408
TCGA-BH-A0DO-11A;1.074733;0.411361;0.248337
TCGA-BH-A0DP-01A;0.44376499999999997;1.512853;0.599986
TCGA-BH-A0DP-11A;0.882235;0.200772;0.09169
TCGA-BH-A0DQ-01A;1.1106200000000002;1.6025909999999999;1.178544
TCGA-BH-A0DQ-11A;0.9511649999999999;0.520738;0.405952
TCGA-BH-A0DS-01A;0.562028;0.5819449999999999;0.48593000000000003
TCGA-BH-A0DT-01A;0.918212;1.272039;1.023279
TCGA-BH-A0DT-11A;0.943124;0.451004;0.444146
TCGA-BH-A0DV-01A;0.669745;0.789904;0.35902
TCGA-BH-A0DV-11A;0.93894;0.15625;0.108552
TCGA-BH-A0DX-01A;1.34946;1.680349;0.969199
TCGA-BH-A0DZ-01A;1.424095;2.161037;1.748203
TCGA-BH-A0DZ-11A;0.93266;0.915956;0.6689930000000001
TCGA-BH-A0E0-01A;3.486264;1.9479389999999999;1.498293
TCGA-BH-A0E0-11A;0.744462;0.19702999999999998;0.250854
TCGA-BH-A0E1-01A;0.723117;2.7130509999999997;1.7859349999999998
TCGA-BH-A0E1-11A;0.746943;0.32929200000000003;0.181172
TCGA-BH-A0E2-01A;1.42736;1.798966;1.530557
TCGA-BH-A0E6-01A;1.436456;2.842749;2.6856240000000002
TCGA-BH-A0E7-01A;0.5964659999999999;0.806143;0.7977489999999999
TCGA-BH-A0EA-01A;0.9329879999999999;0.288708;0.234862
TCGA-BH-A0EB-01A;0.512959;1.0982299999999998;0.690868
TCGA-BH-A0EE-01A;0.9059;2.453551;2.060892
TCGA-BH-A0EI-01A;1.170157;1.26453;1.076259
TCGA-BH-A0GY-01A;2.369716;1.805302;1.664459
TCGA-BH-A0GZ-01A;1.3908989999999999;1.7464979999999999;1.322425
TCGA-BH-A0H0-01A;1.220449;2.829809;1.7711270000000001
TCGA-BH-A0H3-01A;0.949551;1.184817;0.742648
TCGA-BH-A0H5-01A;0.821042;1.233837;0.9406969999999999
TCGA-BH-A0H5-11A;1.059079;0.357439;0.248119
TCGA-BH-A0H6-01A;1.290988;0.79788;0.703505
TCGA-BH-A0H7-01A;1.222597;1.76642;1.353779
TCGA-BH-A0H7-11A;1.055238;0.958283;0.685218
TCGA-BH-A0H9-01A;1.0640530000000001;2.1000400000000004;1.4101270000000001
TCGA-BH-A0H9-11A;0.391072;0.041957999999999995;0.23781300000000002
TCGA-BH-A0HA-01A;1.018979;0.669501;0.47970799999999997
TCGA-BH-A0HA-11A;1.22419;0.781866;0.598687
TCGA-BH-A0HB-01A;1.3512030000000002;0.996326;1.9291610000000001
TCGA-BH-A0HF-01A;1.0381850000000001;1.413197;0.864603
TCGA-BH-A0HI-01A;0.6340210000000001;1.237472;0.746545
TCGA-BH-A0HK-01A;0.978927;1.26854;0.833599
TCGA-BH-A0HK-11A;0.506483;0.283063;0.23887600000000003
TCGA-BH-A0HL-01A;0.8407129999999999;1.700364;1.8704889999999998
TCGA-BH-A0HN-01A;1.6825709999999998;1.052829;0.430547
TCGA-BH-A0HO-01A;0.5064609999999999;1.12945;1.000735
TCGA-BH-A0HP-01A;1.191276;1.5577809999999999;0.829867
TCGA-BH-A0HQ-01A;1.2654020000000001;1.283981;0.701577
TCGA-BH-A0HU-01A;2.253705;2.7105810000000004;2.227815
TCGA-BH-A0HW-01A;1.132088;1.126703;1.196799
TCGA-BH-A0HX-01A;1.350191;1.90573;1.5399180000000001
TCGA-BH-A0HY-01A;1.9008990000000001;2.259992;1.806013
TCGA-BH-A0RX-01A;3.026957;2.612129;2.494199
TCGA-BH-A0W3-01A;1.4673459999999998;2.658211;2.047371
TCGA-BH-A0W4-01A;1.211959;1.070732;1.051025
TCGA-BH-A0W5-01A;1.052571;1.097517;0.776302
TCGA-BH-A0W7-01A;1.118797;1.7031759999999998;1.2077959999999999
TCGA-BH-A0WA-01A;2.159263;2.237555;2.6210299999999997
TCGA-BH-A18F-01A;1.804534;3.010951;2.3680849999999998
TCGA-BH-A18G-01A;0.9228879999999999;2.2740259999999997;1.3234
TCGA-BH-A18H-01A;0.7462340000000001;1.0406090000000001;0.8319799999999999
TCGA-BH-A18I-01A;0.8477020000000001;1.354943;1.300525
TCGA-BH-A18J-01A;0.745238;1.7424560000000002;1.397461
TCGA-BH-A18J-11A;1.132809;0.47066199999999997;0.585171
TCGA-BH-A18K-01A;1.40238;2.203081;1.544546
TCGA-BH-A18K-11A;1.287105;0.155123;0.14088499999999998
TCGA-BH-A18L-01A;1.7879599999999998;3.0509619999999997;2.478422
TCGA-BH-A18L-11A;0.8022060000000001;0.28939499999999996;0.30239099999999997
TCGA-BH-A18M-01A;0.910693;2.149911;1.430815
TCGA-BH-A18M-11A;0.804271;0.622395;0.530304
TCGA-BH-A18N-01A;0.736478;1.093538;0.9152520000000001
TCGA-BH-A18N-11A;0.967247;0.127256;0.174188
TCGA-BH-A18P-01A;1.249976;2.625321;1.853173
TCGA-BH-A18P-11A;0.647012;0.111974;0.215635
TCGA-BH-A18Q-01A;2.4458990000000003;3.214461;2.278291
TCGA-BH-A18Q-11A;1.180727;0.490937;0.27834200000000003
TCGA-BH-A18R-01A;3.127911;3.5992330000000003;2.760136
TCGA-BH-A18R-11A;1.059109;0.26256199999999996;0.18648599999999999
TCGA-BH-A18S-01A;0.888542;0.865283;0.433866
TCGA-BH-A18S-11A;0.9354959999999999;0.1883;0.23608800000000002
TCGA-BH-A18T-01A;3.195825;4.4046389999999995;4.312867
TCGA-BH-A18U-01A;2.036195;3.5733650000000003;2.708765
TCGA-BH-A18U-11A;1.168079;1.105145;0.604973
TCGA-BH-A18V-01A;1.8822869999999998;3.048483;3.940617
TCGA-BH-A18V-06A;1.657789;2.560222;3.6656809999999997
TCGA-BH-A18V-11A;0.8345239999999999;0.0654;0.055353
TCGA-BH-A1EN-01A;0.48329300000000003;2.349843;1.488508
TCGA-BH-A1EN-11A;0.618505;0.228319;0.369925
TCGA-BH-A1EO-01A;1.066186;1.647487;1.0493649999999999
TCGA-BH-A1EO-11A;0.47258999999999995;0.280221;0.33671
TCGA-BH-A1ES-01A;1.214572;1.872116;1.9729970000000001
TCGA-BH-A1ES-06A;0.698766;0.40844899999999995;0.313325
TCGA-BH-A1ET-01A;0.622099;0.698905;0.583244
TCGA-BH-A1EU-01A;1.2017309999999999;1.060119;0.506896
TCGA-BH-A1EU-11A;0.910057;0.198463;0.125151
TCGA-BH-A1EV-01A;1.8309349999999998;2.007028;1.931876
TCGA-BH-A1EV-11A;1.486788;1.172393;1.135174
TCGA-BH-A1EW-01A;1.137466;2.747241;2.257514
TCGA-BH-A1EX-01A;1.67678;1.6528759999999998;1.168817
TCGA-BH-A1EY-01A;0.682773;1.030083;0.6174609999999999
TCGA-BH-A1F0-01A;1.9443700000000002;2.284621;2.247934
TCGA-BH-A1F2-01A;2.131446;2.47159;1.985082
TCGA-BH-A1F2-11A;0.7836380000000001;0.254678;0.189024
TCGA-BH-A1F6-01A;2.1883369999999998;2.2150939999999997;3.233682
TCGA-BH-A1F8-01A;1.856902;2.728838;2.400558
TCGA-BH-A1FB-01A;0.9237799999999999;0.745618;0.69915
TCGA-BH-A1FB-11A;1.040076;0.17461500000000002;0.174714
TCGA-BH-A1FC-01A;2.356247;4.371898000000001;3.6304849999999997
TCGA-BH-A1FC-11A;0.956785;0.21188;0.20992800000000003
TCGA-BH-A1FD-01A;1.206334;1.444587;2.078997
TCGA-BH-A1FE-01A;2.023877;2.287082;2.279145
TCGA-BH-A1FE-06A;0.640794;0.707246;0.64225
TCGA-BH-A1FG-01A;0.69909;0.812542;0.793868
TCGA-BH-A1FH-01A;0.8911540000000001;0.542117;0.588859
TCGA-BH-A1FJ-01A;1.310919;3.7126059999999996;2.338715
TCGA-BH-A1FL-01A;1.824439;2.134077;1.344874
TCGA-BH-A1FM-01A;1.015896;2.480198;1.81276
TCGA-BH-A1FN-01A;1.598547;3.461389;2.1651580000000004
TCGA-BH-A1FN-11A;0.8737299999999999;0.504621;0.376627
TCGA-BH-A1FR-01A;0.6342479999999999;1.175209;1.2099389999999999
TCGA-BH-A1FU-01A;2.1181349999999997;2.664091;2.2723619999999998
TCGA-BH-A1FU-11A;0.9965729999999999;0.259627;0.36700900000000003
TCGA-BH-A201-01A;0.9606889999999999;1.7912270000000001;1.2900559999999999
TCGA-BH-A202-01A;1.58889;3.38444;1.947454
TCGA-BH-A203-01A;3.4051160000000005;2.771907;2.2995509999999997
TCGA-BH-A203-11A;0.8563959999999999;0.36779;0.399127
TCGA-BH-A204-01A;0.670509;2.6481169999999996;2.697159
TCGA-BH-A204-11A;0.400412;0.12134600000000001;0.25664899999999996
TCGA-BH-A208-01A;0.879279;0.769803;0.46198999999999996
TCGA-BH-A208-11A;0.835414;0.21830500000000003;0.12295299999999999
TCGA-BH-A209-01A;2.1114;3.328067;3.212556
TCGA-BH-A209-11A;0.899026;0.349787;0.467483
TCGA-BH-A28O-01A;1.101661;0.404475;0.290445
TCGA-BH-A28Q-01A;1.058871;1.018499;0.647177
TCGA-BH-A2L8-01A;1.070077;1.162261;0.803612
TCGA-BH-A42T-01A;1.561793;3.310353;2.385072
TCGA-BH-A42U-01A;0.789726;0.628285;0.356941
TCGA-BH-A42V-01A;1.236591;0.559149;0.45124
TCGA-BH-A5IZ-01A;0.794078;3.2943519999999995;2.279905
TCGA-BH-A5J0-01A;0.910177;1.700636;0.9830770000000001
TCGA-BH-A6R8-01A;1.423577;1.229702;0.569809
TCGA-BH-A6R9-01A;0.99026;0.9416459999999999;0.57199
TCGA-BH-A8FY-01A;0.847625;1.572706;0.8862979999999999
TCGA-BH-A8FZ-01A;1.241076;1.0546;1.0015450000000001
TCGA-BH-A8G0-01A;1.121608;0.513387;0.364005
TCGA-BH-AB28-01A;1.042375;2.226214;1.303253
TCGA-C8-A12K-01A;1.1206559999999999;3.27292;2.8671830000000003
TCGA-C8-A12L-01A;2.555711;4.097036;4.361298000000001
TCGA-C8-A12M-01A;1.606538;1.088106;1.774354
TCGA-C8-A12N-01A;1.06761;0.8280219999999999;0.568783
TCGA-C8-A12O-01A;1.349974;2.098248;2.322447
TCGA-C8-A12P-01A;2.825925;3.15808;2.372949
TCGA-C8-A12Q-01A;1.643907;1.8584169999999998;1.7181939999999998
TCGA-C8-A12T-01A;1.564655;2.069163;2.220209
TCGA-C8-A12U-01A;3.5058230000000004;2.7730740000000003;2.6310439999999997
TCGA-C8-A12V-01A;2.334939;2.396398;1.7361689999999999
TCGA-C8-A12W-01A;2.0046779999999997;2.798406;2.870056
TCGA-C8-A12X-01A;0.406887;1.664194;1.324925
TCGA-C8-A12Y-01A;1.208988;1.9795009999999997;1.217938
TCGA-C8-A12Z-01A;1.4102700000000001;2.634117;1.994314
TCGA-C8-A130-01A;2.180361;2.829916;2.696716
TCGA-C8-A131-01A;3.034878;2.9463220000000003;2.589233
TCGA-C8-A132-01A;1.17406;1.677043;1.111656
TCGA-C8-A133-01A;0.26277;0.494489;0.48969399999999996
TCGA-C8-A134-01A;2.909783;3.266638;2.031946
TCGA-C8-A135-01A;3.485706;2.7532419999999997;2.197657
TCGA-C8-A137-01A;1.8792200000000001;2.612305;2.058576
TCGA-C8-A138-01A;1.571413;1.373229;0.648015
TCGA-C8-A1HE-01A;0.90675;1.3908120000000002;1.0363950000000002
TCGA-C8-A1HF-01A;1.967525;2.514577;2.501734
TCGA-C8-A1HG-01A;1.684359;2.005677;2.072511
TCGA-C8-A1HJ-01A;2.4363599999999996;3.92131;4.039588
TCGA-C8-A1HK-01A;2.7610200000000003;3.224793;2.192374
TCGA-C8-A1HL-01A;1.738592;2.726902;1.881366
TCGA-C8-A1HM-01A;1.8131439999999999;3.64535;3.3871
TCGA-C8-A1HN-01A;1.495407;2.869192;2.343362
TCGA-C8-A26V-01A;0.865654;2.343493;1.6183299999999998
TCGA-C8-A26W-01A;2.6233880000000003;2.467479;2.174102
TCGA-C8-A26X-01A;1.82598;2.507771;2.02464
TCGA-C8-A26Y-01A;1.6834380000000002;2.4775400000000003;2.265822
TCGA-C8-A26Z-01A;1.7085689999999998;1.467994;1.5613
TCGA-C8-A273-01A;0.632885;2.2311330000000003;2.076311
TCGA-C8-A274-01A;2.163084;2.5788580000000003;1.8214560000000002
TCGA-C8-A275-01A;2.296934;2.864593;2.389825
TCGA-C8-A278-01A;2.509455;2.2199009999999997;2.585482
TCGA-C8-A27A-01A;3.194449;2.7557400000000003;3.2191490000000003
TCGA-C8-A27B-01A;1.7190759999999998;4.393791;3.5756330000000003
TCGA-C8-A3M7-01A;1.93895;2.176933;1.134562
TCGA-C8-A3M8-01A;1.50597;2.252185;1.610547
TCGA-C8-A8HP-01A;1.85658;2.430576;2.2098419999999996
TCGA-C8-A8HQ-01A;0.876843;2.50312;1.943266
TCGA-C8-A8HR-01A;2.072072;2.199911;1.567269
TCGA-D8-A13Y-01A;1.8961540000000001;3.628204;3.241469
TCGA-D8-A13Z-01A;2.6337509999999997;3.446674;3.099335
TCGA-D8-A140-01A;1.17415;1.710818;1.274951
TCGA-D8-A141-01A;0.903567;1.234016;0.980708
TCGA-D8-A142-01A;3.091714;2.573528;3.086951
TCGA-D8-A143-01A;3.4245010000000002;4.00247;3.025513
TCGA-D8-A145-01A;1.643618;1.0080879999999999;0.8126479999999999
TCGA-D8-A147-01A;1.806762;4.206119;2.51412
TCGA-D8-A1J8-01A;1.24967;3.8749849999999997;2.028873
TCGA-D8-A1J9-01A;1.084126;2.282936;2.066537
TCGA-D8-A1JA-01A;0.991778;1.894593;1.560003
TCGA-D8-A1JB-01A;1.186006;1.079631;0.827368
TCGA-D8-A1JC-01A;1.498106;2.705661;2.246457
TCGA-D8-A1JD-01A;2.014678;3.120861;2.43282
TCGA-D8-A1JE-01A;0.723531;2.2000610000000003;1.0998350000000001
TCGA-D8-A1JF-01A;2.444865;2.099316;1.194712
TCGA-D8-A1JH-01A;1.2268569999999999;0.618847;0.681014
TCGA-D8-A1JI-01A;0.713774;1.1212440000000001;0.649922
TCGA-D8-A1JJ-01A;1.209073;2.567164;2.0169650000000003
TCGA-D8-A1JK-01A;1.9099970000000002;2.209718;2.29156
TCGA-D8-A1JL-01A;1.858267;2.458373;3.918249
TCGA-D8-A1JM-01A;1.030691;4.034517;2.7433490000000003
TCGA-D8-A1JN-01A;0.9511350000000001;0.8496530000000001;0.41280900000000004
TCGA-D8-A1JP-01A;1.168425;1.3286120000000001;1.499944
TCGA-D8-A1JS-01A;0.368766;0.739984;0.27874899999999997
TCGA-D8-A1JT-01A;0.986232;2.261495;1.472192
TCGA-D8-A1JU-01A;0.69706;0.268479;0.167533
TCGA-D8-A1X5-01A;0.9745010000000001;2.247379;1.9083279999999998
TCGA-D8-A1X6-01A;0.6452;2.115758;1.7862189999999998
TCGA-D8-A1X7-01A;0.68461;2.206829;1.1723370000000002
TCGA-D8-A1X8-01A;0.804473;1.674893;1.2031969999999998
TCGA-D8-A1X9-01A;0.775997;1.800095;1.6829459999999998
TCGA-D8-A1XA-01A;1.503933;1.711701;1.345502
TCGA-D8-A1XB-01A;1.350358;1.7691990000000002;1.288538
TCGA-D8-A1XC-01A;0.455268;0.8189489999999999;0.539297
TCGA-D8-A1XD-01A;1.66917;1.44741;1.495726
TCGA-D8-A1XF-01A;2.555915;3.139869;3.9461519999999997
TCGA-D8-A1XG-01A;0.7801680000000001;1.955154;0.794701
TCGA-D8-A1XJ-01A;1.129652;2.47919;2.350967
TCGA-D8-A1XK-01A;1.00654;4.310112;4.6846190000000005
TCGA-D8-A1XL-01A;2.376852;2.5570630000000003;1.8551959999999998
TCGA-D8-A1XM-01A;0.834758;1.9158669999999998;1.55901
TCGA-D8-A1XO-01A;1.089719;1.270928;0.943845
TCGA-D8-A1XQ-01A;2.893614;2.2614669999999997;1.938607
TCGA-D8-A1XR-01A;0.9018639999999999;2.1259360000000003;1.2802930000000001
TCGA-D8-A1XS-01A;1.901428;2.850277;1.9465139999999999
TCGA-D8-A1XT-01A;2.252799;2.439212;2.41126
TCGA-D8-A1XU-01A;0.915876;0.9508540000000001;0.976173
TCGA-D8-A1XV-01A;0.690643;1.829204;0.9747170000000001
TCGA-D8-A1XW-01A;0.998584;1.5234379999999998;1.303775
TCGA-D8-A1XY-01A;0.9085049999999999;1.406578;0.742901
TCGA-D8-A1XZ-01A;1.912909;1.5601260000000001;2.386149
TCGA-D8-A1Y0-01A;1.6716650000000002;2.7595400000000003;1.9923380000000002
TCGA-D8-A1Y1-01A;1.7122979999999999;2.797057;2.152217
TCGA-D8-A1Y2-01A;0.664367;1.6397849999999998;1.489616
TCGA-D8-A1Y3-01A;2.381162;3.654025;2.7321419999999996
TCGA-D8-A27E-01A;0.465933;0.353779;0.199906
TCGA-D8-A27F-01A;1.8794240000000002;3.388821;3.0396
TCGA-D8-A27G-01A;1.13858;2.0521700000000003;1.517593
TCGA-D8-A27H-01A;1.044721;2.259662;1.039424
TCGA-D8-A27I-01A;1.566393;1.737516;1.0470270000000002
TCGA-D8-A27K-01A;1.17096;1.4019190000000001;0.677104
TCGA-D8-A27L-01A;1.479443;0.8345610000000001;0.801288
TCGA-D8-A27M-01A;0.9854430000000001;1.454466;1.8730349999999998
TCGA-D8-A27N-01A;1.219631;2.116967;1.597352
TCGA-D8-A27P-01A;1.112075;1.002289;0.596779
TCGA-D8-A27R-01A;2.6815330000000004;2.491151;2.123071
TCGA-D8-A27T-01A;0.8997620000000001;1.630411;1.1555440000000001
TCGA-D8-A27V-01A;0.763426;1.691297;0.64759
TCGA-D8-A27W-01A;1.530276;2.444698;2.3069040000000003
TCGA-D8-A3Z5-01A;0.976093;0.5553560000000001;0.415904
TCGA-D8-A3Z6-01A;0.9318629999999999;1.1868459999999998;1.081093
TCGA-D8-A4Z1-01A;1.665586;0.628991;0.5358609999999999
TCGA-D8-A73U-01A;0.721697;0.612499;0.22071999999999997
TCGA-D8-A73W-01A;0.748082;1.207358;0.690738
TCGA-D8-A73X-01A;1.251485;1.180515;0.684264
TCGA-E2-A105-01A;1.571356;1.605158;1.09497
TCGA-E2-A106-01A;0.7398680000000001;0.852822;0.938263
TCGA-E2-A107-01A;1.4966110000000001;3.0655639999999997;2.41971
TCGA-E2-A108-01A;1.2517909999999999;1.6576110000000002;1.655873
TCGA-E2-A109-01A;1.944555;1.916938;2.665899
TCGA-E2-A10A-01A;0.912742;1.174635;2.108444
TCGA-E2-A10B-01A;1.091387;1.753786;0.921507
TCGA-E2-A10C-01A;2.30884;1.9981419999999999;1.390739
TCGA-E2-A10E-01A;1.038237;2.1139669999999997;1.643461
TCGA-E2-A10F-01A;0.9801709999999999;2.040343;1.262062
TCGA-E2-A14N-01A;3.349933;4.149975;3.558795
TCGA-E2-A14O-01A;1.093473;1.9546310000000002;1.184144
TCGA-E2-A14P-01A;3.451975;3.1795459999999998;2.35823
TCGA-E2-A14Q-01A;0.7828609999999999;1.417165;0.9910549999999999
TCGA-E2-A14R-01A;2.555644;2.630141;2.546189
TCGA-E2-A14T-01A;1.511485;1.5193379999999999;0.924666
TCGA-E2-A14U-01A;1.119367;0.219574;0.12811199999999998
TCGA-E2-A14V-01A;3.3245709999999997;3.3762019999999997;2.5193939999999997
TCGA-E2-A14W-01A;1.180775;0.971258;1.560577
TCGA-E2-A14X-01A;1.8944159999999999;2.5045990000000002;1.7647540000000002
TCGA-E2-A14Y-01A;1.435662;2.939988;2.3397330000000003
TCGA-E2-A14Z-01A;1.913634;2.582996;1.687791
TCGA-E2-A150-01A;2.451901;2.158457;2.362108
TCGA-E2-A152-01A;1.282151;1.846148;1.614636
TCGA-E2-A153-01A;0.9375030000000001;0.753694;0.40071999999999997
TCGA-E2-A153-11A;1.218935;0.523716;0.43508100000000005
TCGA-E2-A154-01A;0.799192;2.033943;1.9839310000000001
TCGA-E2-A155-01A;0.987031;1.9640790000000001;1.8685580000000002
TCGA-E2-A156-01A;0.9431930000000001;1.263782;1.142339
TCGA-E2-A158-01A;1.369687;2.2949490000000003;2.2904150000000003
TCGA-E2-A158-11A;0.607876;0.370742;0.435276
TCGA-E2-A159-01A;3.153412;2.7714950000000003;2.955771
TCGA-E2-A15A-01A;1.8453099999999998;2.382711;2.3302869999999998
TCGA-E2-A15A-06A;2.053102;2.804261;2.66698
TCGA-E2-A15C-01A;1.155165;0.698988;0.589727
TCGA-E2-A15D-01A;0.913902;0.8414440000000001;0.56825
TCGA-E2-A15E-01A;1.587336;1.377996;1.264197
TCGA-E2-A15E-06A;1.188788;0.7841319999999999;0.580403
TCGA-E2-A15F-01A;1.369597;1.536833;1.618327
TCGA-E2-A15G-01A;1.139984;1.119951;0.671268
TCGA-E2-A15H-01A;2.177693;2.2111669999999997;1.989507
TCGA-E2-A15I-01A;0.9254370000000001;0.31490999999999997;0.188636
TCGA-E2-A15I-11A;0.5035189999999999;0.061833000000000006;0.235461
TCGA-E2-A15J-01A;0.88566;1.7635779999999999;1.029987
TCGA-E2-A15K-01A;1.609141;3.047551;2.302296
TCGA-E2-A15K-06A;0.9878889999999999;2.4755700000000003;1.552654
TCGA-E2-A15K-11A;0.611892;0.332321;0.295929
TCGA-E2-A15L-01A;1.2787879999999998;1.904179;1.425914
TCGA-E2-A15M-01A;1.221618;2.503926;1.640754
TCGA-E2-A15M-11A;0.793316;0.168917;0.22150300000000003
TCGA-E2-A15O-01A;2.1194509999999998;2.1177610000000002;2.055142
TCGA-E2-A15P-01A;1.000952;1.069056;0.694782
TCGA-E2-A15R-01A;2.547765;1.63693;1.436183
TCGA-E2-A15S-01A;1.39695;2.4268330000000002;2.017627
TCGA-E2-A15T-01A;0.8673049999999999;1.6785459999999999;2.155675
TCGA-E2-A1AZ-01A;2.975279;3.189151;3.593036
TCGA-E2-A1B0-01A;2.178341;3.169416;2.040628
TCGA-E2-A1B1-01A;1.088301;1.539741;1.342314
TCGA-E2-A1B4-01A;0.8452770000000001;0.29567899999999997;0.184839
TCGA-E2-A1B5-01A;0.495172;1.151348;0.6086600000000001
TCGA-E2-A1B6-01A;2.193686;2.753349;2.478898
TCGA-E2-A1BC-01A;1.225932;0.210577;0.24176999999999998
TCGA-E2-A1BC-11A;0.334706;0.044137;0.130045
TCGA-E2-A1BD-01A;1.8499130000000001;1.627901;0.795458
TCGA-E2-A1IE-01A;1.5513549999999998;1.6995360000000002;1.792136
TCGA-E2-A1IF-01A;0.979917;1.878168;1.0015040000000002
TCGA-E2-A1IG-01A;1.118976;1.143033;0.9815870000000001
TCGA-E2-A1IG-11A;0.596487;0.363246;0.5291020000000001
TCGA-E2-A1IH-01A;1.199575;1.903511;1.6081370000000001
TCGA-E2-A1II-01A;1.832382;3.595222;2.325325
TCGA-E2-A1IJ-01A;0.754793;0.9450219999999999;0.6250140000000001
TCGA-E2-A1IK-01A;0.476546;0.733662;0.6284270000000001
TCGA-E2-A1IL-01A;1.4542709999999999;1.128829;0.7253
TCGA-E2-A1IN-01A;1.186281;1.394857;0.777361
TCGA-E2-A1IO-01A;1.918838;1.051598;0.899066
TCGA-E2-A1IU-01A;0.519688;1.1472930000000001;0.9886030000000001
TCGA-E2-A1L6-01A;0.856457;1.469463;1.0809469999999999
TCGA-E2-A1L7-01A;1.61042;2.040748;2.37658
TCGA-E2-A1L7-11A;0.813679;0.584819;0.562661
TCGA-E2-A1L8-01A;1.165942;1.3148739999999999;1.016657
TCGA-E2-A1L9-01A;1.1487020000000001;1.369911;0.889289
TCGA-E2-A1LA-01A;1.660786;1.935389;1.801875
TCGA-E2-A1LB-01A;1.950926;1.696655;1.183743
TCGA-E2-A1LB-11A;1.383943;0.854799;0.60835
TCGA-E2-A1LE-01A;3.128882;2.0824830000000003;1.4124700000000001
TCGA-E2-A1LG-01A;1.584731;3.348356;1.5685
TCGA-E2-A1LH-01A;0.896785;1.658879;1.766947
TCGA-E2-A1LH-11A;1.302786;0.23922600000000002;0.173861
TCGA-E2-A1LI-01A;2.3971080000000002;3.2963169999999997;3.9153660000000006
TCGA-E2-A1LK-01A;1.897216;1.37819;3.271791
TCGA-E2-A1LL-01A;1.879973;2.322881;2.096407
TCGA-E2-A1LS-01A;0.9339620000000001;1.24234;0.5266270000000001
TCGA-E2-A1LS-11A;0.42587700000000006;0.115309;0.098215
TCGA-E2-A2P5-01A;2.290235;2.271689;2.09191
TCGA-E2-A2P6-01A;1.7836290000000001;1.8621020000000001;1.233179
TCGA-E2-A3DX-01A;0.865527;0.827433;0.497838
TCGA-E2-A56Z-01A;0.891249;1.412323;1.115261
TCGA-E2-A570-01A;1.547982;1.604358;0.9506629999999999
TCGA-E2-A572-01A;0.276089;0.275934;0.20461300000000002
TCGA-E2-A573-01A;2.3221950000000002;3.2782760000000004;3.0715529999999998
TCGA-E2-A574-01A;2.61672;2.202875;2.01362
TCGA-E2-A576-01A;1.2469729999999999;1.532773;1.241179
TCGA-E2-A9RU-01A;1.2935780000000001;2.2365939999999997;1.813132
TCGA-E9-A1N3-01A;0.747739;1.232634;1.194393
TCGA-E9-A1N4-01A;0.689543;1.321987;1.383902
TCGA-E9-A1N4-11A;0.92242;0.611525;0.541003
TCGA-E9-A1N5-01A;1.6177270000000001;2.060454;1.886321
TCGA-E9-A1N5-11A;1.562237;1.8119330000000002;1.559978
TCGA-E9-A1N6-01A;2.685824;3.112082;2.214427
TCGA-E9-A1N6-11A;0.8400639999999999;0.558769;0.559222
TCGA-E9-A1N8-01A;1.582529;2.188333;2.68298
TCGA-E9-A1N9-01A;3.1174619999999997;2.9310240000000003;2.889075
TCGA-E9-A1N9-11A;1.2582200000000001;1.170736;0.6229520000000001
TCGA-E9-A1NA-01A;1.10216;2.086421;1.5248030000000001
TCGA-E9-A1NA-11A;0.6522979999999999;0.21781;0.35873299999999997
TCGA-E9-A1NC-01A;0.600557;1.531987;1.558568
TCGA-E9-A1ND-01A;1.57371;2.225669;1.936553
TCGA-E9-A1ND-11A;0.734787;0.6979350000000001;0.610888
TCGA-E9-A1NE-01A;1.591631;2.6259740000000003;2.244699
TCGA-E9-A1NF-01A;1.2093530000000001;0.836774;0.939572
TCGA-E9-A1NF-11A;0.337453;0.204093;0.42873500000000003
TCGA-E9-A1NG-01A;0.46846800000000005;1.003089;0.883114
TCGA-E9-A1NG-11A;0.559525;0.271828;0.42894099999999996
TCGA-E9-A1NH-01A;0.892008;0.833968;0.42280500000000004
TCGA-E9-A1NI-01A;1.6432;2.510757;1.5194530000000002
TCGA-E9-A1QZ-01A;1.112355;2.6642360000000003;1.5081959999999999
TCGA-E9-A1R0-01A;0.8388100000000001;0.986773;0.840517
TCGA-E9-A1R2-01A;1.585373;1.613406;1.139678
TCGA-E9-A1R3-01A;0.6512789999999999;0.10747899999999999;0.032897
TCGA-E9-A1R4-01A;1.075225;1.601054;1.380974
TCGA-E9-A1R5-01A;0.689021;1.865246;0.974081
TCGA-E9-A1R6-01A;1.229287;1.311526;1.509211
TCGA-E9-A1R7-01A;1.399462;2.856907;1.6277030000000001
TCGA-E9-A1R7-11A;0.529145;0.214087;0.184264
TCGA-E9-A1RA-01A;1.5097459999999998;1.641586;0.988683
TCGA-E9-A1RB-01A;1.911816;3.623468;3.0525189999999998
TCGA-E9-A1RB-11A;0.70407;0.9396690000000001;0.742394
TCGA-E9-A1RC-01A;1.381192;2.155545;1.10017
TCGA-E9-A1RC-11A;0.47605699999999995;0.12093800000000002;0.42623900000000003
TCGA-E9-A1RD-01A;0.822249;1.657009;1.029361
TCGA-E9-A1RD-11A;0.6098060000000001;0.16205899999999998;0.286665
TCGA-E9-A1RE-01A;2.008473;1.609501;1.779467
TCGA-E9-A1RF-01A;1.596737;1.514151;0.95755
TCGA-E9-A1RF-11A;0.325165;0.0998;0.174749
TCGA-E9-A1RG-01A;1.461174;1.9618900000000001;1.2527139999999999
TCGA-E9-A1RH-01A;2.7380709999999997;3.471932;3.168305
TCGA-E9-A1RH-11A;0.43844399999999994;0.20148;0.20968
TCGA-E9-A1RI-01A;1.0901299999999998;0.7452270000000001;0.746003
TCGA-E9-A1RI-11A;0.36080100000000004;0.06886;0.665208
TCGA-E9-A226-01A;1.594645;2.8390779999999998;1.68051
TCGA-E9-A227-01A;0.711059;1.2656459999999998;1.063015
TCGA-E9-A228-01A;1.140416;2.416451;2.864535
TCGA-E9-A229-01A;1.344578;2.308375;1.635385
TCGA-E9-A22A-01A;1.211121;2.250695;1.600242
TCGA-E9-A22B-01A;0.6828930000000001;1.279291;1.042786
TCGA-E9-A22D-01A;1.065807;2.2547599999999997;2.313873
TCGA-E9-A22E-01A;0.9812799999999999;1.6988889999999999;0.751587
TCGA-E9-A22G-01A;2.307166;4.028519999999999;2.847268
TCGA-E9-A22H-01A;1.143521;2.5211740000000002;1.895354
TCGA-E9-A243-01A;1.028666;3.3453699999999995;2.339331
TCGA-E9-A244-01A;1.500988;3.229508;2.983735
TCGA-E9-A245-01A;0.8460709999999999;0.9800120000000001;0.8309979999999999
TCGA-E9-A247-01A;1.879925;2.617692;2.453932
TCGA-E9-A248-01A;2.784821;2.90382;2.807587
TCGA-E9-A249-01A;1.26363;2.2964290000000003;1.3553030000000001
TCGA-E9-A24A-01A;0.6786989999999999;1.466474;0.96605
TCGA-E9-A295-01A;1.1722139999999999;1.348783;1.0876940000000002
TCGA-E9-A2JS-01A;2.419739;2.405368;2.439985
TCGA-E9-A2JT-01A;1.03675;1.450807;1.567541
TCGA-E9-A3HO-01A;1.452293;2.174816;1.2376049999999998
TCGA-E9-A3Q9-01A;0.6456529999999999;0.295615;0.23704099999999997
TCGA-E9-A3QA-01A;1.5626;3.017891;2.7135849999999997
TCGA-E9-A3X8-01A;0.47136000000000006;0.8701959999999999;0.37896799999999997
TCGA-E9-A54X-01A;0.578213;1.0005899999999999;0.738738
TCGA-E9-A54Y-01A;0.9673209999999999;2.6724759999999996;0.946157
TCGA-E9-A5FK-01A;0.66201;0.8338979999999999;0.300078
TCGA-E9-A5FL-01A;1.305674;1.535793;1.5407
TCGA-E9-A5UO-01A;0.740063;1.630806;2.0426900000000003
TCGA-E9-A5UP-01A;1.354054;0.711375;0.46035600000000004
TCGA-E9-A6HE-01A;0.814036;2.308965;1.6493630000000001
TCGA-EW-A1IW-01A;1.6496439999999999;2.974376;2.644006
TCGA-EW-A1IX-01A;1.07381;0.563481;0.44978500000000005
TCGA-EW-A1IY-01A;1.008214;2.621682;1.549764
TCGA-EW-A1IZ-01A;1.567717;1.456078;1.529141
TCGA-EW-A1J1-01A;0.502784;0.632479;0.758207
TCGA-EW-A1J2-01A;0.938732;0.569213;0.439551
TCGA-EW-A1J3-01A;1.7009849999999997;2.8108779999999998;1.5543799999999999
TCGA-EW-A1J5-01A;2.074842;2.4090700000000003;1.469741
TCGA-EW-A1J6-01A;1.62494;0.898458;1.959398
TCGA-EW-A1OV-01A;2.002607;2.173425;1.949525
TCGA-EW-A1OW-01A;2.10833;3.4898809999999996;2.634015
TCGA-EW-A1OX-01A;0.316182;1.057405;1.129322
TCGA-EW-A1OY-01A;1.850958;2.4490119999999997;2.229748
TCGA-EW-A1OZ-01A;2.863611;2.454701;2.13117
TCGA-EW-A1P0-01A;1.34341;1.6702150000000002;1.314439
TCGA-EW-A1P1-01A;1.7933729999999999;1.302049;1.323856
TCGA-EW-A1P3-01A;1.156724;1.929729;1.3073489999999999
TCGA-EW-A1P4-01A;1.797627;2.749396;2.532377
TCGA-EW-A1P5-01A;0.738186;1.7684950000000002;0.933682
TCGA-EW-A1P6-01A;1.2448549999999998;1.466779;1.517331
TCGA-EW-A1P7-01A;1.0784639999999999;1.1863290000000002;0.6428189999999999
TCGA-EW-A1P8-01A;2.143434;3.272815;3.2413060000000002
TCGA-EW-A1PA-01A;1.252038;1.6431470000000001;1.99043
TCGA-EW-A1PB-01A;1.407199;3.244223;2.2131220000000003
TCGA-EW-A1PD-01A;1.8449389999999999;2.120331;1.8960849999999998
TCGA-EW-A1PE-01A;1.1199569999999999;1.584396;1.158507
TCGA-EW-A1PF-01A;1.409689;0.554872;1.130105
TCGA-EW-A1PG-01A;0.539104;0.49346899999999994;0.31487600000000004
TCGA-EW-A1PH-01A;2.778189;3.24132;3.171902
TCGA-EW-A2FR-01A;1.620124;1.6198540000000001;1.2372670000000001
TCGA-EW-A2FS-01A;1.485025;1.436283;1.29277
TCGA-EW-A2FV-01A;1.192395;2.138249;2.019239
TCGA-EW-A3U0-01A;1.200951;2.953402;2.806482
TCGA-EW-A423-01A;1.264845;1.29477;0.853466
TCGA-EW-A424-01A;1.50029;1.6565169999999998;0.951052
TCGA-EW-A6S9-01A;1.448518;1.6632790000000002;1.5017459999999998
TCGA-EW-A6SA-01A;1.558176;1.1940389999999999;2.036306
TCGA-EW-A6SB-01A;1.488491;2.837871;2.252186
TCGA-EW-A6SC-01A;1.240313;2.018751;1.612536
TCGA-EW-A6SD-01A;3.285308;2.163042;2.108259
TCGA-GI-A2C9-01A;2.0910130000000002;2.460971;2.452539
TCGA-GI-A2C9-11A;0.7949350000000001;0.38813000000000003;0.411088
TCGA-GM-A2D9-01A;1.066475;0.999425;0.491282
TCGA-GM-A2DA-01A;1.288592;1.357429;0.8694790000000001
TCGA-GM-A2DB-01A;2.639928;1.6772639999999999;1.709271
TCGA-GM-A2DC-01A;1.21102;0.201878;0.204156
TCGA-GM-A2DD-01A;2.460966;1.644268;1.031514
TCGA-GM-A2DF-01A;1.427798;1.9253259999999999;2.240508
TCGA-GM-A2DH-01A;4.093094000000001;3.161523;2.662227
TCGA-GM-A2DI-01A;1.069666;1.04091;0.8559690000000001
TCGA-GM-A2DK-01A;1.068171;0.825333;0.8173060000000001
TCGA-GM-A2DL-01A;1.0469870000000001;1.637103;1.150207
TCGA-GM-A2DM-01A;0.524155;0.480671;0.44930200000000003
TCGA-GM-A2DN-01A;1.064817;1.900263;1.1256059999999999
TCGA-GM-A2DO-01A;1.420358;1.5907879999999999;1.6721580000000003
TCGA-GM-A3NW-01A;1.007916;1.3794959999999998;0.7974060000000001
TCGA-GM-A3NY-01A;1.170325;1.4299870000000001;0.626031
TCGA-GM-A3XG-01A;1.052439;0.369919;0.281888
TCGA-GM-A3XL-01A;2.331681;3.685336;3.1369279999999997
TCGA-GM-A3XN-01A;0.9116690000000001;1.047094;0.639826
TCGA-GM-A4E0-01A;1.1749379999999998;0.33334899999999995;0.51545
TCGA-GM-A5PV-01A;0.89909;0.555231;0.38507199999999997
TCGA-GM-A5PX-01A;1.043043;0.346086;0.160398
TCGA-HN-A2NL-01A;1.6583290000000002;3.2267;2.0673470000000003
TCGA-HN-A2OB-01A;1.0574709999999998;0.425054;0.20537600000000003
TCGA-JL-A3YW-01A;1.7151040000000002;1.9742939999999998;1.695886
TCGA-JL-A3YX-01A;1.566049;1.953813;1.875505
TCGA-LD-A66U-01A;0.632026;1.052355;0.47918299999999997
TCGA-LD-A74U-01A;1.127545;1.48774;1.081141
TCGA-LD-A7W6-01A;1.346729;1.6976930000000001;1.270277
TCGA-LD-A9QF-01A;1.7410849999999998;1.171078;1.187265
TCGA-LL-A440-01A;1.33301;0.957829;0.584906
TCGA-LL-A441-01A;1.8835400000000002;2.343325;2.101839
TCGA-LL-A442-01A;0.610541;1.536987;1.312122
TCGA-LL-A50Y-01A;0.484575;1.268678;0.682679
TCGA-LL-A5YL-01A;0.614517;2.431833;1.1044100000000001
TCGA-LL-A5YM-01A;0.349287;2.234766;1.577432
TCGA-LL-A5YN-01A;1.36453;1.47682;0.81591
TCGA-LL-A5YO-01A;1.57981;2.44104;2.437229
TCGA-LL-A5YP-01A;1.967572;2.794137;2.1898869999999997
TCGA-LL-A6FQ-01A;0.532105;0.9216629999999999;0.6058939999999999
TCGA-LL-A6FR-01A;0.752834;2.219744;0.8055100000000001
TCGA-LL-A73Y-01A;1.200482;1.7259189999999998;1.114316
TCGA-LL-A73Z-01A;1.90717;1.655243;1.7715330000000002
TCGA-LL-A740-01A;2.187312;1.288969;0.959052
TCGA-LL-A7SZ-01A;1.476997;1.8393400000000002;1.596719
TCGA-LL-A7T0-01A;2.414823;2.238409;1.976329
TCGA-LL-A8F5-01A;1.421676;2.4725349999999997;3.0962080000000003
TCGA-LL-A9Q3-01A;0.427737;0.8859999999999999;0.527604
TCGA-LQ-A4E4-01A;2.229765;2.519104;1.782315
TCGA-MS-A51U-01A;0.832435;0.583912;0.375798
TCGA-OK-A5Q2-01A;1.40391;2.516003;1.674669
TCGA-OL-A5D6-01A;1.826446;0.9032180000000001;0.715284
TCGA-OL-A5D7-01A;2.616219;3.502753;4.641233000000001
TCGA-OL-A5D8-01A;1.192182;0.89931;0.7822479999999999
TCGA-OL-A5DA-01A;1.731803;0.809489;0.48016899999999996
TCGA-OL-A5RU-01A;1.245172;0.9502780000000001;0.46864300000000003
TCGA-OL-A5RV-01A;1.5214299999999998;1.182613;0.8175859999999999
TCGA-OL-A5RW-01A;1.04254;2.491923;1.617003
TCGA-OL-A5RX-01A;1.0790520000000001;0.8156899999999999;0.49673500000000004
TCGA-OL-A5RY-01A;1.2038870000000002;1.8656270000000001;1.3881370000000002
TCGA-OL-A5RZ-01A;2.325617;1.8596669999999997;1.8895959999999998
TCGA-OL-A5S0-01A;1.634333;2.969492;2.801037
TCGA-OL-A66I-01A;1.735482;3.063843;2.552072
TCGA-OL-A66J-01A;0.8414299999999999;0.890867;0.734904
TCGA-OL-A66K-01A;1.0816729999999999;1.216897;0.777143
TCGA-OL-A66L-01A;0.421129;0.45351800000000003;0.409629
TCGA-OL-A66N-01A;0.69694;0.6300720000000001;0.237715
TCGA-OL-A66O-01A;1.034255;1.8467049999999998;1.540147
TCGA-OL-A66P-01A;1.5543129999999998;1.1700780000000002;0.8413299999999999
TCGA-OL-A6VO-01A;2.440572;3.105138;3.7718559999999997
TCGA-OL-A6VQ-01A;1.261021;1.12068;0.7798069999999999
TCGA-OL-A6VR-01A;1.1141809999999999;0.626074;0.666849
TCGA-OL-A97C-01A;1.648623;1.619429;1.1607299999999998
TCGA-PE-A5DC-01A;2.168059;1.748818;1.577024
TCGA-PE-A5DD-01A;1.339494;1.7105849999999998;1.0355020000000001
TCGA-PE-A5DE-01A;0.798896;1.6971029999999998;0.855826
TCGA-PL-A8LX-01A;0.6284930000000001;0.505962;0.46665
TCGA-PL-A8LY-01A;1.133074;1.164941;0.958252
TCGA-PL-A8LZ-01A;1.750186;2.941255;3.133412
TCGA-S3-A6ZF-01A;1.248891;2.486096;1.832385
TCGA-S3-A6ZG-01A;1.553332;2.067888;1.316155
TCGA-S3-A6ZH-01A;1.4954889999999998;3.100134;2.433287
TCGA-S3-AA0Z-01A;1.813995;3.907036;3.818808
TCGA-S3-AA10-01A;2.1789680000000002;2.862567;3.947401
TCGA-S3-AA11-01A;1.744922;1.46122;1.226377
TCGA-S3-AA12-01A;1.444805;1.849474;1.324764
TCGA-S3-AA14-01A;1.6629150000000001;1.286525;1.065305
TCGA-S3-AA15-01A;1.076677;2.844184;2.999048
TCGA-S3-AA17-01A;1.5817809999999999;2.385883;1.813675
TCGA-UL-AAZ6-01A;1.6805150000000002;1.926361;1.635885
TCGA-UU-A93S-01A;2.062592;3.7915019999999995;2.794189
TCGA-V7-A7HQ-01A;0.39507;0.749401;0.321452
TCGA-W8-A86G-01A;1.386153;0.500568;0.24238800000000002
TCGA-WT-AB41-01A;0.5529;1.253707;0.442241
TCGA-WT-AB44-01A;0.8436889999999999;0.25356300000000004;0.07682699999999999
TCGA-XX-A899-01A;0.9347719999999999;1.2402520000000001;0.8636149999999999
TCGA-XX-A89A-01A;1.219873;1.070162;1.025516
TCGA-Z7-A8R5-01A;0.777542;0.7341949999999999;0.269465
TCGA-Z7-A8R6-01A;2.714892;2.6459330000000003;2.519636
